{"cameraMode":{"drawMode":0,"name":"Shaded","section":"Shading Mode"},"sceneLighting":true,"audioPlay":false,"sceneViewState":{"m_AlwaysRefresh":false,"showFog":true,"showSkybox":true,"showFlares":true,"showImageEffects":true,"showParticleSystems":true,"showVisualEffectGraphs":true,"m_FxEnabled":true},"in2DMode":false,"pivot":{"x":623.3949584960938,"y":264.3831787109375,"z":10.65386962890625},"rotation":{"x":0.013499335385859013,"y":-0.005999423563480377,"z":0.00008099286060314626,"w":0.9998903274536133},"size":2842.830810546875,"orthographic":true}