{"cameraMode":{"drawMode":0,"name":"Shaded","section":"Shading Mode"},"sceneLighting":false,"audioPlay":false,"sceneViewState":{"m_AlwaysRefresh":false,"showFog":true,"showSkybox":false,"showFlares":true,"showImageEffects":true,"showParticleSystems":true,"showVisualEffectGraphs":true,"m_FxEnabled":true},"in2DMode":false,"pivot":{"x":0.9341714382171631,"y":0.05023122951388359,"z":0.6527004241943359},"rotation":{"x":-0.052435748279094699,"y":0.038936350494623187,"z":0.00204592221416533,"w":0.9978586435317993},"size":1.010671615600586,"orthographic":true}